configuration,order,forgetting_factor,smoothing_window_size,threshold,TP,FP,FN,work_time_mean,work_time_std,power,significance
beta,1,0.97,10,1.556640625,0,125,0,0.2164,0.0064,0.0,0.125
beta,1,0.97,15,1.037109375,0,129,0,0.2134,0.0097,0.0,0.129
beta,1,0.99,10,3.96875,0,117,0,0.2151,0.0094,0.0,0.117
beta,1,0.99,15,1.890625,0,117,0,0.2147,0.0101,0.0,0.117
beta-beta,1,0.97,10,1.556640625,0,168,1000,0.217,0.005,0.0,0.168
beta-beta,1,0.97,15,1.037109375,0,157,1000,0.2146,0.0045,0.0,0.157
beta-beta,1,0.99,10,3.96875,0,121,1000,0.2163,0.0046,0.0,0.121
beta-beta,1,0.99,15,1.890625,0,122,1000,0.2151,0.0048,0.0,0.122
beta-exponential,1,0.97,10,1.556640625,0,514,1000,0.2161,0.0053,0.0,0.514
beta-exponential,1,0.97,15,1.037109375,0,481,1000,0.2131,0.0055,0.0,0.481
beta-exponential,1,0.99,10,3.96875,0,112,1000,0.2164,0.0042,0.0,0.112
beta-exponential,1,0.99,15,1.890625,0,112,1000,0.2148,0.0044,0.0,0.112
beta-normal,1,0.97,10,1.556640625,1000,155,0,0.2142,0.0051,1.0,0.155
beta-normal,1,0.97,15,1.037109375,1000,368,0,0.2091,0.0055,1.0,0.368
beta-normal,1,0.99,10,3.96875,1000,172,0,0.2118,0.0045,1.0,0.172
beta-normal,1,0.99,15,1.890625,1000,374,0,0.2092,0.0056,1.0,0.374
beta-uniform,1,0.97,10,1.556640625,1000,121,0,0.2146,0.0052,1.0,0.121
beta-uniform,1,0.97,15,1.037109375,999,133,1,0.2106,0.0049,0.999,0.133
beta-uniform,1,0.99,10,3.96875,0,112,1000,0.2162,0.0043,0.0,0.112
beta-uniform,1,0.99,15,1.890625,0,112,1000,0.215,0.0041,0.0,0.112
beta-weibull,1,0.97,10,1.556640625,2,510,998,0.2156,0.005,0.002,0.51
beta-weibull,1,0.97,15,1.037109375,0,500,1000,0.213,0.0053,0.0,0.5
beta-weibull,1,0.99,10,3.96875,0,102,1000,0.2162,0.0043,0.0,0.102
beta-weibull,1,0.99,15,1.890625,0,101,1000,0.2152,0.0044,0.0,0.101
exponential,1,0.97,10,1.556640625,0,337,0,0.2163,0.0053,0.0,0.337
exponential,1,0.97,15,1.037109375,0,277,0,0.2136,0.0053,0.0,0.277
exponential,1,0.99,10,3.96875,0,141,0,0.2161,0.0046,0.0,0.141
exponential,1,0.99,15,1.890625,0,146,0,0.2145,0.0044,0.0,0.146
exponential-beta,1,0.97,10,1.556640625,12,183,988,0.1857,0.0046,0.012,0.183
exponential-beta,1,0.97,15,1.037109375,6,161,994,0.2146,0.0046,0.006,0.161
exponential-beta,1,0.99,10,3.96875,0,118,1000,0.2154,0.0041,0.0,0.118
exponential-beta,1,0.99,15,1.890625,0,121,1000,0.2146,0.0044,0.0,0.121
exponential-exponential,1,0.97,10,1.556640625,14,398,986,0.1849,0.0043,0.014,0.398
exponential-exponential,1,0.97,15,1.037109375,4,390,996,0.2138,0.0047,0.004,0.39
exponential-exponential,1,0.99,10,3.96875,0,109,1000,0.2158,0.0041,0.0,0.109
exponential-exponential,1,0.99,15,1.890625,0,110,1000,0.2145,0.004,0.0,0.11
exponential-normal,1,0.97,10,1.556640625,985,215,15,0.1832,0.0046,0.985,0.215
exponential-normal,1,0.97,15,1.037109375,991,408,9,0.2091,0.0055,0.991,0.408
exponential-normal,1,0.99,10,3.96875,903,269,97,0.2123,0.0049,0.903,0.269
exponential-normal,1,0.99,15,1.890625,867,397,133,0.2096,0.0058,0.867,0.397
exponential-uniform,1,0.97,10,1.556640625,36,139,964,0.1857,0.0043,0.036,0.139
exponential-uniform,1,0.97,15,1.037109375,9,131,991,0.2147,0.0047,0.009,0.131
exponential-uniform,1,0.99,10,3.96875,0,111,1000,0.2156,0.0048,0.0,0.111
exponential-uniform,1,0.99,15,1.890625,0,113,1000,0.2147,0.0044,0.0,0.113
exponential-weibull,1,0.97,10,1.556640625,18,427,982,0.1849,0.0046,0.018,0.427
exponential-weibull,1,0.97,15,1.037109375,3,393,997,0.2136,0.0052,0.003,0.393
exponential-weibull,1,0.99,10,3.96875,0,118,1000,0.2154,0.0045,0.0,0.118
exponential-weibull,1,0.99,15,1.890625,0,119,1000,0.2147,0.0042,0.0,0.119
normal,1,0.97,10,1.556640625,0,81,0,0.2173,0.0049,0.0,0.081
normal,1,0.97,15,1.037109375,0,77,0,0.2156,0.0043,0.0,0.077
normal,1,0.99,10,3.96875,0,79,0,0.2164,0.0038,0.0,0.079
normal,1,0.99,15,1.890625,0,79,0,0.215,0.0046,0.0,0.079
normal-beta,1,0.97,10,1.556640625,1,96,999,0.186,0.0044,0.001,0.096
normal-beta,1,0.97,15,1.037109375,0,93,1000,0.2153,0.0043,0.0,0.093
normal-beta,1,0.99,10,3.96875,0,68,1000,0.2154,0.004,0.0,0.068
normal-beta,1,0.99,15,1.890625,0,69,1000,0.2152,0.004,0.0,0.069
normal-exponential,1,0.97,10,1.556640625,0,369,1000,0.183,0.0045,0.0,0.369
normal-exponential,1,0.97,15,1.037109375,0,351,1000,0.2151,0.0052,0.0,0.351
normal-exponential,1,0.99,10,3.96875,0,73,1000,0.2153,0.0041,0.0,0.073
normal-exponential,1,0.99,15,1.890625,0,73,1000,0.2145,0.0041,0.0,0.073
normal-normal,1,0.97,10,1.556640625,1000,113,0,0.1747,0.0072,1.0,0.113
normal-normal,1,0.97,15,1.037109375,1000,332,0,0.2103,0.0065,1.0,0.332
normal-normal,1,0.99,10,3.96875,991,179,9,0.2115,0.0054,0.991,0.179
normal-normal,1,0.99,15,1.890625,977,347,23,0.2088,0.0062,0.977,0.347
normal-uniform,1,0.97,10,1.556640625,57,71,943,0.1851,0.0047,0.057,0.071
normal-uniform,1,0.97,15,1.037109375,4,71,996,0.216,0.0043,0.004,0.071
normal-uniform,1,0.99,10,3.96875,0,67,1000,0.2154,0.004,0.0,0.067
normal-uniform,1,0.99,15,1.890625,0,68,1000,0.2149,0.004,0.0,0.068
normal-weibull,1,0.97,10,1.556640625,0,360,1000,0.1858,0.0044,0.0,0.36
normal-weibull,1,0.97,15,1.037109375,0,358,1000,0.2145,0.0048,0.0,0.358
normal-weibull,1,0.99,10,3.96875,0,69,1000,0.2149,0.004,0.0,0.069
normal-weibull,1,0.99,15,1.890625,0,69,1000,0.2154,0.0053,0.0,0.069
uniform,1,0.97,10,1.556640625,0,56,0,0.2172,0.0049,0.0,0.056
uniform,1,0.97,15,1.037109375,0,56,0,0.2144,0.004,0.0,0.056
uniform,1,0.99,10,3.96875,0,51,0,0.2162,0.0047,0.0,0.051
uniform,1,0.99,15,1.890625,0,51,0,0.2157,0.0041,0.0,0.051
uniform-beta,1,0.97,10,1.556640625,0,81,1000,0.1867,0.0044,0.0,0.081
uniform-beta,1,0.97,15,1.037109375,0,74,1000,0.2156,0.0044,0.0,0.074
uniform-beta,1,0.99,10,3.96875,0,30,1000,0.2156,0.0039,0.0,0.03
uniform-beta,1,0.99,15,1.890625,0,30,1000,0.2147,0.0041,0.0,0.03
uniform-exponential,1,0.97,10,1.556640625,1,444,999,0.1852,0.0044,0.001,0.444
uniform-exponential,1,0.97,15,1.037109375,0,426,1000,0.2144,0.0054,0.0,0.426
uniform-exponential,1,0.99,10,3.96875,0,39,1000,0.2157,0.0041,0.0,0.039
uniform-exponential,1,0.99,15,1.890625,0,42,1000,0.2132,0.004,0.0,0.042
uniform-normal,1,0.97,10,1.556640625,1000,89,0,0.1835,0.0044,1.0,0.089
uniform-normal,1,0.97,15,1.037109375,1000,292,0,0.2105,0.005,1.0,0.292
uniform-normal,1,0.99,10,3.96875,1000,92,0,0.2125,0.0042,1.0,0.092
uniform-normal,1,0.99,15,1.890625,1000,330,0,0.2089,0.0052,1.0,0.33
uniform-uniform,1,0.97,10,1.556640625,1000,41,0,0.1842,0.0041,1.0,0.041
uniform-uniform,1,0.97,15,1.037109375,1000,56,0,0.2117,0.0049,1.0,0.056
uniform-uniform,1,0.99,10,3.96875,18,35,982,0.2155,0.0041,0.018,0.035
uniform-uniform,1,0.99,15,1.890625,1,34,999,0.2128,0.004,0.001,0.034
uniform-weibull,1,0.97,10,1.556640625,0,452,1000,0.1858,0.0045,0.0,0.452
uniform-weibull,1,0.97,15,1.037109375,0,415,1000,0.2143,0.005,0.0,0.415
uniform-weibull,1,0.99,10,3.96875,0,40,1000,0.2157,0.0042,0.0,0.04
uniform-weibull,1,0.99,15,1.890625,0,39,1000,0.2129,0.0038,0.0,0.039
weibull,1,0.97,10,1.556640625,0,375,0,0.2156,0.005,0.0,0.375
weibull,1,0.97,15,1.037109375,0,315,0,0.213,0.0049,0.0,0.315
weibull,1,0.99,10,3.96875,0,184,0,0.2159,0.0042,0.0,0.184
weibull,1,0.99,15,1.890625,0,193,0,0.2166,0.0214,0.0,0.193
weibull-beta,1,0.97,10,1.556640625,25,191,975,0.217,0.0051,0.025,0.191
weibull-beta,1,0.97,15,1.037109375,8,181,992,0.2141,0.0056,0.008,0.181
weibull-beta,1,0.99,10,3.96875,0,156,1000,0.2147,0.0042,0.0,0.156
weibull-beta,1,0.99,15,1.890625,0,162,1000,0.2146,0.005,0.0,0.162
weibull-exponential,1,0.97,10,1.556640625,21,391,979,0.2158,0.0079,0.021,0.391
weibull-exponential,1,0.97,15,1.037109375,9,364,991,0.2132,0.005,0.009,0.364
weibull-exponential,1,0.99,10,3.96875,0,174,1000,0.215,0.0044,0.0,0.174
weibull-exponential,1,0.99,15,1.890625,0,179,1000,0.214,0.0046,0.0,0.179
weibull-normal,1,0.97,10,1.556640625,807,263,193,0.1887,0.0074,0.807,0.263
weibull-normal,1,0.97,15,1.037109375,713,359,287,0.2103,0.0059,0.713,0.359
weibull-normal,1,0.99,10,3.96875,10,182,990,0.215,0.0043,0.01,0.182
weibull-normal,1,0.99,15,1.890625,0,181,1000,0.2142,0.0047,0.0,0.181
weibull-uniform,1,0.97,10,1.556640625,18,207,982,0.2182,0.0051,0.018,0.207
weibull-uniform,1,0.97,15,1.037109375,6,201,994,0.2145,0.0049,0.006,0.201
weibull-uniform,1,0.99,10,3.96875,0,185,1000,0.2151,0.0044,0.0,0.185
weibull-uniform,1,0.99,15,1.890625,0,188,1000,0.2144,0.0046,0.0,0.188
weibull-weibull,1,0.97,10,1.556640625,13,391,987,0.2165,0.0052,0.013,0.391
weibull-weibull,1,0.97,15,1.037109375,2,393,998,0.2133,0.0053,0.002,0.393
weibull-weibull,1,0.99,10,3.96875,0,178,1000,0.2152,0.0043,0.0,0.178
weibull-weibull,1,0.99,15,1.890625,0,183,1000,0.2144,0.0046,0.0,0.183
